wiki,wiki_desc,youtube,yt_desc,forum,forum_desc
https://eldenring.wiki.fextralife.com/Interactive+Map,Complete Elden Ring wiki with map and items and lore,https://www.youtube.com/watch?v=NLdZ8Zex1cw&pp=ygUZRWxkZW4gUmluZyBCZWdpbm5lciBHdWlkZQ%3D%3D,Elden Ring Beginner Guide by VaatiVidya,https://www.reddit.com/r/Eldenring/comments/wik2on/the_comprehensive_elden_ring_beginners_guide/,A specific thread sharing tips for new players
https://eldenring.wiki.fextralife.com/Builds,Best builds for PvE and PvP with stat breakdowns,https://www.youtube.com/watch?v=PLI2av6D_to&pp=ygU2RWxkZW4gUmluZyBVTFRJTUFURSBTdHJlbmd0aCBCdWlsZCBHdWlkZSBieSBGZXh0cmFsaWZl,ULTIMATE Strength Build Guide by Fextralife,https://www.reddit.com/r/Eldenring/comments/1ius5sj/currently_my_top_5_favourite_buildscharacters/,Discussion about favorite character builds
https://eldenring.wiki.fextralife.com/Walkthrough,Detailed walkthrough for all NPC questlines and endings,https://www.youtube.com/watch?v=uJh0LLO8QEA&list=PL5octn-l9KEX31HGPCZRqUt_a0mJcYN-a,All NPC Questlines Guide by GamerGuides.com,https://www.reddit.com/r/Eldenring/comments/tof1as/comprehensive_npc_sidequests_guide_by_area/,Discussion on challenging NPC quests
https://eldenring.wiki.fextralife.com/Elden+Ring+Wiki,Main Elden Ring Wiki with complete game information and guides,https://www.youtube.com/watch?v=K_03kFqWfqs,Complete Beginner's Guide to Elden Ring by FightinCowboy,https://www.reddit.com/r/Eldenring/comments/tjmodv/tips_for_beginners/,Reddit thread with essential tips for new players
https://eldenring.wiki.fextralife.com/Bosses,Complete boss guide with strategies and locations,https://www.youtube.com/watch?v=AKThbKu5oB8,All Elden Ring Bosses Ranked by Difficulty,https://gamefaqs.gamespot.com/boards/270557-elden-ring/79836294,GameFAQs discussion on hardest bosses and strategies
https://eldenring.wiki.fextralife.com/Stats,Character stats and leveling guide,https://www.youtube.com/watch?v=tx9IsK8qhg4,Best Starting Class and Stats Guide by Polygon,https://www.reddit.com/r/Eldenring/comments/t7c3kx/ultimate_beginners_guide_to_character_stats/,Comprehensive stats explanation for beginners
https://eldenring.wiki.fextralife.com/Weapons,Complete weapons database with scaling and locations,https://www.youtube.com/watch?v=BoK3Vqx93iM,Top 10 Best Weapons in Elden Ring by GameSpot,https://steamcommunity.com/app/1245620/discussions/0/3183345000199046171/,Steam community discussion on best weapon builds
https://eldenring.wiki.fextralife.com/Magic,Magic spells and sorceries guide,https://www.youtube.com/watch?v=gtEfl4s16bI,Complete Magic Build Guide for Elden Ring,https://www.reddit.com/r/Eldenring/comments/t0b18r/magic_is_op_guide_to_sorcery/,Reddit guide to powerful magic builds
https://eldenring.wiki.fextralife.com/Talismans,All talismans locations and effects,https://www.youtube.com/watch?v=aEmI845DQz4,Every Legendary Talisman Location by IGN,https://gamefaqs.gamespot.com/boards/270557-elden-ring/79821456,GameFAQs talisman combinations discussion
https://eldenring.wiki.fextralife.com/Maps,Interactive map with all locations marked,https://www.youtube.com/watch?v=T5Pcs9uUBIQ,Elden Ring Map Guide - All Important Locations,https://www.reddit.com/r/Eldenring/comments/szu2nw/interactive_map_locations_guide/,Reddit comprehensive map guide with secrets
https://eldenring.wiki.fextralife.com/Smithing+Stones,Smithing stones farming and upgrade guide,https://www.youtube.com/watch?v=iWiNbxdIztY,Best Smithing Stone Farming Routes by Arekkz Gaming,https://steamcommunity.com/app/1245620/discussions/0/3183345000196721483/,Steam guide for unlimited smithing stones
https://eldenring.wiki.fextralife.com/Rune+Farming,Best rune farming locations and methods,https://www.youtube.com/watch?v=ooBJKPjo4gM,Fastest Rune Farming Guide by ymfah,https://www.reddit.com/r/Eldenring/comments/t0eq7u/best_early_game_rune_farming_spots/,Early and late game farming spots discussion
https://eldenring.wiki.fextralife.com/Endings,All game endings and requirements,https://www.youtube.com/watch?v=f6lSTBDfZBU,All Elden Ring Endings Explained,https://gamefaqs.gamespot.com/boards/270557-elden-ring/79897654,GameFAQs all endings walkthrough and choices
https://eldenring.wiki.fextralife.com/Ashes+of+War,Complete Ashes of War list and locations,https://www.youtube.com/watch?v=e0Gj2W8q9JE,Best Ashes of War for Each Build Type,https://www.reddit.com/r/Eldenring/comments/t5e8zp/all_ashes_of_war_tier_list/,Reddit community Ashes of War tier list
https://eldenring.wiki.fextralife.com/Remembrances,Boss remembrances and reward choices,https://www.youtube.com/watch?v=9z3vZr5q4eE,Which Remembrance Rewards to Choose by VaatiVidya,https://steamcommunity.com/app/1245620/discussions/0/3183345000201456789/,Steam discussion on best remembrance choices
https://eldenring.wiki.fextralife.com/Spirit+Ashes,Spirit summons guide and locations,https://www.youtube.com/watch?v=3LHgABrKZxY,Best Spirit Ashes and Where to Find Them,https://www.reddit.com/r/Eldenring/comments/t1h8ik/spirit_ashes_tier_list_and_guide/,Comprehensive spirit ashes ranking and guide
https://eldenring.wiki.fextralife.com/Questlines,NPC questlines and story progression,https://www.youtube.com/watch?v=T3RqQ5w53dU,Complete NPC Quest Guide by Game Guides Channel,https://gamefaqs.gamespot.com/boards/270557-elden-ring/79845321,GameFAQs all NPC quests walkthrough
https://eldenring.wiki.fextralife.com/Armor,Armor sets locations and best combinations,https://www.youtube.com/watch?v=KjRXPqr7Lhk,Best Armor Sets in Elden Ring by Skill Up,https://www.reddit.com/r/Eldenring/comments/t2m9op/fashion_souls_best_armor_combinations/,Fashion and stats armor discussion
